Rounds,Learning Rate,Client Fraction,Client Number,Local Epochs,Batch Size,Hidden Size,Weighting,Lexical Weighting
40,0.001,1.0,3,5,32,128,False,True
1,3.3988469262430834,0.0459386029591163,0.0459386029591163,0.04453074963142475,0.04453074963142475,"[0.12466350942850113, 0.01315229944884777, 0.0]","[0.11970812827348709, 0.0, 0.013884120620787144]"
2,2.4707656071786848,0.08167693143089612,0.08167693143089612,0.06018819908301035,0.06018819908301035,"[0.17007340490818024, 0.04309726879000664, 0.031860120594501495]","[0.156019389629364, 0.0, 0.024545207619667053]"
3,1.9192143505378105,0.12843344608942667,0.12843344608942667,0.06522813687721889,0.06522813687721889,"[0.23084299266338348, 0.10262767970561981, 0.05182966589927673]","[0.155401349067688, 0.02015477418899536, 0.020128287374973297]"
4,1.5215593228434923,0.16903589914242426,0.16903589914242426,0.048829651127258934,0.06522813687721889,"[0.2606852948665619, 0.13976675271987915, 0.10665564984083176]","[0.11926983296871185, 0.0, 0.027219120413064957]"
5,1.2182623901948888,0.21312986811002096,0.21312986811002096,0.06680484022945166,0.06680484022945166,"[0.27756011486053467, 0.21068258583545685, 0.15114690363407135]","[0.16806231439113617, 0.008606377057731152, 0.023745829239487648]"
6,0.984935904130634,0.2673258235057195,0.2673258235057195,0.05845691139499346,0.06680484022945166,"[0.30768075585365295, 0.27821627259254456, 0.216080442070961]","[0.128400519490242, 0.01881161332130432, 0.028158601373434067]"
